<?xml version="1.0" encoding="UTF-8"?>
<beans xmlns="http://www.springframework.org/schema/beans"
       xmlns:xsi="http://www.w3.org/2001/XMLSchema-instance"
       xmlns:context="http://www.springframework.org/schema/context"
       xsi:schemaLocation="http://www.springframework.org/schema/beans http://www.springframework.org/schema/beans/spring-beans.xsd http://www.springframework.org/schema/context http://www.springframework.org/schema/context/spring-context.xsd">

    <context:component-scan base-package="com.sample.springdemoproject.xmlbased.service"/>


    <bean id="employee" class="com.sample.springdemoproject.xmlbased.modal.Employee" lazy-init="true">
        <property name="id" value="123"/>
        <property name="name" value="Rakesh"/>
        <property name="referrals">
            <list>
                <value>Ramesh</value>
                <value>Rakesh</value>
                <value>Sham</value>
            </list>
        </property>
     </bean>

    <bean id="employeeService" class="com.sample.springdemoproject.xmlbased.service.AirtelEmployeeService">
        <property name="serviceName" value="Test"/>
    </bean>

    <bean id="jioEmployeeService" class="com.sample.springdemoproject.xmlbased.service.JoiEmployeeService">
        <constructor-arg name="employee" ref="employee"/>
        <constructor-arg name="serviceName" value="TestServiceForJio"/>
    </bean>



</beans>